Signatur	ISBN	neue RVK	neue Schlagwoerter
P 1000			
P 1000d			
P 1001			
P 1002			
P 1003	3-85460-115-8		
P 1004	3-85460-111-5		
P 1005			
P 1006	91-7192-927-4		
P 1007	3-88609-200-3		
P 1008	0-521-23742-4		
P 1009 - 1	3-496-02548-4		
P 1009 - 2	3-496-02550-6		
P 1010			
P 1011	3-87065-560-7		
P 1012 - 3,2	3-8053-1537-6		
P 1013	91-506-1093-7		
P 1014	91-506-1084-8		
P 1015			
P 1015b			
P 1015c			
P 1015m			
P 1015s			
P 1016			
P 1017	3-923166-43-5		
P 1018			
P 1019			
P 1020			
P 1021			
P 1021m			
P 1021s	3-8067-0200-4		
P 1022 - 1			
P 1022 - 2			
P 1022 - 3			
P 1022 - 4	3-05-000572-6		
P 1022 - 5	3-05-002020-2		
P 1022h - 3	87-7288-053-8		
P 1022s	3-402-06081-7		
P 1022sb			
P 1023			
P 1023d - 1			
P 1023d - 10			
P 1023d - 11	87-88415-38-4		
P 1023d - 12	87-88415-38-4		
P 1023d - 13	978-87-88415-62-9		
P 1023d - 14	978-87-88415-72-8		
P 1023d - 2			
P 1023d - 3			
P 1023d - 4			
P 1023d - 5	87-7288-581-5		
P 1023d - 6	87-7288-581-5		
P 1023d - 7	87-7288-581-5		
P 1023d - 8	87-7288-586-6		
P 1023d - 9			
P 1023g	2-88028-036-2		
P 1023h	3-7749-1686-1		
P 1023k	0-906780-24-1		
P 1023s	90-6191-673-9		
P 1024	0-12-348150-3		
P 1025	3-89473-613-5		
P 1025k - 1			
P 1025k - 2			
P 1025p	0-906780-07-1		
P 1026			
P 1026a			
P 1026e	2-7018-0031-5		
P 1026g	84-500-8553-5		
P 1026k - 1			
P 1026k - 2			
P 1026s - 1	963-563-050-6		
P 1027	3-7749-2664-6		
P 1027b			
P 1027h	3-7995-7024-1		
P 1027m - 1			
P 1027m - 2			
P 1027s			
P 1028 - 1			
P 1028 - 2			
P 1028 - 4			
P 1028 - 5			
P 1029 - 1			
P 1029 - 2			
			
P 1030 - 1			
P 1030 - 10			
P 1030 - 11			
P 1030 - 12			
P 1030 - 13			
P 1030 - 14			
P 1030 - 15			
P 1030 - 16			
P 1030 - 17			
P 1030 - 18	3-7749-1100-2		
P 1030 - 2			
P 1030 - 3			
P 1030 - 4			
P 1030 - 5			
P 1030 - 6			
P 1030 - 7			
P 1030 - 8			
P 1030 - 9			
			
P 1030a - 1			
P 1030a - 2			
P 1030a - 3			
P 1030a - 4			
			
P 1030b - 1			
P 1030b - 2			
P 1030b - 3			
P 1030b - 4			
P 1030c - 1			
P 1030c - 2			
P 1030c - 3			
P 1030c - 4			
P 1030c - 5			
P 1030c - 6			
P 1030c - 7			
P 1030c - 8			
P 1030c - 9			
P 1030d - 1			
P 1030d - 2			
P 1030e - 1			
P 1030e - 10			
P 1030e - 11			
P 1030e - 12			
P 1030e - 13			
P 1030e - 14			
P 1030e - 15			
P 1030e - 16			
P 1030e - 17			
P 1030e - 18			
P 1030e - 19			
P 1030e - 2			
P 1030e - 20			
P 1030e - 21			
P 1030e - 22	3-7749-1820-1		
P 1030e - 23	3-7749-1821-X		
P 1030e - 24	3-7749-1822-8		
P 1030e - 25	3-7749-1931-3		
P 1030e - 26			
P 1030e - 27			
P 1030e - 28			
P 1030e - 3			
P 1030e - 4			
P 1030e - 5			
P 1030e - 6			
P 1030e - 7			
P 1030e - 8			
P 1030e - 9			
P 1030f - 1			
P 1030f - 10			
P 1030f - 11			
P 1030f - 12			
P 1030f - 13			
P 1030f - 14			
P 1030f - 15			
P 1030f - 16			
P 1030f - 17			
P 1030f - 18			
P 1030f - 19			
P 1030f - 2			
P 1030f - 20			
P 1030f - 21			
P 1030f - 22			
P 1030f - 23			
P 1030f - 24			
P 1030f - 25			
P 1030f - 26			
P 1030f - 27			
P 1030f - 28			
P 1030f - 29			
P 1030f - 3			
P 1030f - 30			
P 1030f - 31			
P 1030f - 32			
P 1030f - 33			
P 1030f - 34			
P 1030f - 35			
P 1030f - 36			
P 1030f - 37			
P 1030f - 38			
P 1030f - 39			
P 1030f - 4			
P 1030f - 40			
P 1030f - 41			
P 1030f - 42			
P 1030f - 43			
P 1030f - 44			
P 1030f - 45			
P 1030f - 46	83-01-03011-9		
P 1030f - 47	83-01-03444-0		
P 1030f - 48			
P 1030f - 49	83-01-04331-8		
P 1030f - 5			
P 1030f - 50	83-01-04498-5		
P 1030f - 51	83-01-04984-7		
P 1030f - 52	83-01-05351-8		
P 1030f - 53	83-01-05825-0		
P 1030f - 54	83-01-06209-6		
P 1030f - 55	83-01-06487-0		
P 1030f - 56	83-01-06825-6		
P 1030f - 57	83-01-07235-0		
P 1030f - 58	83-01-07860-X		
P 1030f - 59	83-01-08048-5		
P 1030f - 6			
P 1030f - 60	83-01-08437-5		
P 1030f - 61	83-01-08783-8		
P 1030f - 62	83-01-09114-2		
P 1030f - 63	83-01-09489-3		
P 1030f - 64	83-01-09903-8		
P 1030f - 7			
P 1030f - 8			
P 1030f - 9			
P 1030g - 1 - 4			
P 1030g - 5			
P 1030g - 6			
P 1030g - 7			
P 1030h - 1			
P 1030h - 2			
P 1030h - 3			
P 1030h - 4			
P 1030i - 1 			
P 1030i - 2			
P 1030i - 3			
P 1030i - 4			
P 1030k - 1			
P 1030k - 2			
P 1030k - 3			
P 1030l - 1			
P 1030l - 10			
P 1030l - 11			
P 1030l - 12			
P 1030l - 13			
P 1030l - 14			
P 1030l - 2			
P 1030l - 3			
P 1030l - 4			
P 1030l - 5			
P 1030l - 6			
P 1030l - 7			
P 1030l - 8			
P 1030l - 9			
P 1030n - 1			
P 1030n - 2			
P 1030no - 1			
P 1030p - 1			
P 1030p - 2			
P 1030p - 3			
P 1030p - 4			
P 1030p - 5	3-326-00157-6		
P 1030p - 6			
P 1030p - 7			
P 1030p - 8			
P 1030p - 9	3-326-00574-1		
P 1030r - 1			
P 1030r - 10			
P 1030r - 11			
P 1030r - 12			
P 1030r - 13			
P 1030r - 2			
P 1030r - 3			
P 1030r - 4			
P 1030r - 6			
P 1030r - 7			
P 1030r - 8			
P 1030r - 9			
P 1030w - 1			
P 1030w - 10			
P 1030w - 11			
P 1030w - 12			
P 1030w - 13			
P 1030w - 14			
P 1030w - 15			
P 1030w - 2			
P 1030w - 3			
P 1030w - 4			
P 1030w - 5			
P 1030w - 6			
P 1030w - 7			
P 1030w - 8			
P 1030w - 9			
P 1031 - 1			
P 1031h - 2			
P 1031k - 1,1	0-11-700588-6		
P 1031k - 1,2	0-11-700589-4		
P 1031k - 1,3			
P 1031m - 2	0-11-700842-7		
P 1031s			
P 1031sb			
P 1031sc			
P 1031sd			
P 1031se			
P 1031sf			
P 1031sg			
P 1031sh			
P 1031si			
P 1031sk			
P 1031sl			
P 1031sm			
P 1031sn			
P 1031so			
P 1031sp			
P 1031sq - 1999			
P 1031sq - 2000			
P 1031sq - 2001			
P 1031sq - 2002			
P 1031sq - 2003			
P 1031sq - 2004			
P 1031sq - 2005			
P 1031sq - 2006			
P 1031sq - 2011			
P 1031sq - 2012			
P 1031sq - 2013			
P 1031sq - 2014			
P 1031sq - 2015			
			
P 1032			
P 1032k	0-901714-54-2		
P 1032s - 1			
P 1032s - 2			
P 1033	3-87439-106-X		
P 1033a	0-906090-00-8		
P 1033d			
P 1033i			
P 1033k			
P 1033m			
P 1033s	91-36-86949-X		
P 1034			
P 1034d			
P 1034e	0-521-36573-2		
P 1034h			
P 1034k			
P 1035	3-534-07058-5		
P 1035h	3-534-04003-1		
P 1035m	0-85976-101-0		
P 1036 - 1	87-7288-561-0		
P 1036 - 2	87-7288-561-0		
P 1036d			
P 1036f			
P 1036h - 1			
P 1036h - 2			
P 1036k	0-12-588020-0		
P 1037 - 2			
P 1037 - 3			
P 1037 - 4			
P 1037 - 5			
P 1038			
P 1038m	3-17-079029-3		
P 1038o	0-86159-085-6		
P 1038s			
P 1039			
P 1040	0-7141-1395-6		
P 1041			
P 1042			
P 1043 - 11			
P 1043 - 12			
P 1043 - 13	3-88467-041-7		
P 1043 - 16			
P 1043 - 2			
P 1043 - 23	978-3-9807996-8-3		
P 1043 - 27	978-3-9813109-2-4		
P 1043 - 29			
P 1043 - 3			
P 1043 - 30	978-3-9813109-9-3		
P 1043 - 32	978-3-9816873-3-0		
	978-3-9816873-9-2		
P 1043 - 7			
P 1043 - 9			
P 1043a			
P 1044			
P 1045			
P 1046			
P 1047			
P 1047b			
P 1048			
P 1049			
P 1050 - 1			
P 1050 - 2			
P 1051			
P 1052	82-7126-094-4		
P 1053			
P 1054			
P 1055	82-7126-346-3		
P 1056	82-7126-347-1		
P 1057 - 1	82-7126-357-8		
P 1057 - 2	82-7126-417-6		
P 1057 - 3	82-7126-453-2		
P 1058	82-7126-420-6		
P 1059			
P 1060			
P 1061			
P 1061ab - 1			
P 1061ab - 2			
P 1061ab - 3			
P 1062			
P 1063	82-7126-442-7		
P 1064 - 1			
P 1064 - 2			
P 1065	3-929055-26-0		
P 1066	3-458-32213-2		
P 1067			
P 1068	3-87358-156-6		
P 1069	3-87358-283-X		
P 1070	0-946897-37-9		
P 1071	0-946897-28-X		
P 1072	0-946897-43-3		
P 1073	3-87157-139-3		
P 1074b			
P 1074 - 1			
P 1074 - 2			
P 1074 - 3			
P 1074 - 4			
			
P 1075			
P 1075b			
P 1076 - 1			
P 1076 - 2			
P 1076k			
P 1077			
P 1078	0-946897-57-3		
P 1079	3-921618-02-9		
P 1080	0-946897-58-1		
P 1081	3-929864-00-2		
P 1082			
P 1083			
P 1084			
P 1085	3-85124-146-0		
P 1086			
P 1087 - 1	3-900773-04-1		
P 1087 - 2	3-900773-07-6		
P 1087 - 3	3-900773-08-4		
P 1088 - 1	3-900773-06-8		
P 1088 - 2	3-900773-11-4		
P 1089	0-947846-02-6		
P 1090	83-85599-20-7		
P 1091			
P 1092 - 1	3-7848-4042-6		
P 1093			
P 1094			
P 1095 - 1			
P 1095 - 2			
P 1095 - 3			
P 1096 - 1			
P 1097			
P 1098			
P 1099	3-928957-01-5		
P 1100			
P 1101	3-928957-02-3		
P 1102 - 1			
P 1102 - 2			
P 1103	3-928957-03-1		
P 1104	90-6255-093-2		
P 1105 - 1	0-905853-06-7		
P 1105 - 2	0-905853-16-4		
P 1105 - 3	0-905853-33-4		
P 1106	0-905853-32-6		
P 1107			
P 1108			
P 1109			
P 1110	3-929645-01-7		
P 1111	3-929645-01-9		
P 1112			
P 1112b			
P 1112c			
P 1112d			
P 1112e	3-11-004752-7		
P 1112f			
P 1112fb	3-529-01813-9		
P 1112g			
P 1112ga	3-205-03658-1		
P 1112gd			
P 1112ge			
P 1112gf			
P 1112h			
P 1112i			
P 1112m			
P 1113			
P 1114	83-85463-20-8		
P 1115			
P 1116 - 1			
P 1116 - 2			
P 1116b			
P 1116d			
P 1117	3-9802601-7-8		
P 1117y			
P 1118 - 1			
P 1118 - 2			
P 1118b			
P 1119	91-506-0481-3		
P 1119k			
P 1120			
P 1121			
P 1122	3-8204-6752-1		
P 1123			
P 1123b	83-04-01119-0		
P 1124	83-231-0541-3		
P 1125			
P 1126	3-89442-213-0		
P 1127			
P 1127o			
P 1128			
P 1129 - 14			
P 1129 - 15			
P 1129 - 16			
P 1129 - 17			
P 1129 - 18			
P 1129 - 19			
P 1129 - 20			
P 1129 - 21			
P 1129 - 22			
P 1129 - 24			
P 1129 - 25			
P 1129 - 26			
P 1130			
P 1131			
P 1132	3-8053-1601-1		
P 1133			
P 1134	87-7304-159-9		
P 1135			
P 1135c	0-416-34190-X		
P 1135cm			
P 1135d	82-90215-12-6		
P 1135e - 1	87-7288-048-1		
P 1135e - 2			
P 1135fb			
P 1135h			
P 1135k			
P 1135l			
P 1135m			
P 1135na			
P 1135u			
P 1135v	3-7001-0258-5		
P 1135vb	3-215-04441-2		
P 1135w	0-12-385450-4		
P 1136	87-480-0484-7		
P 1136g	87-7288-044-9		
P 1136k			
P 1136kc	2-235-00729-5		
P 1136kd - 1			
P 1136kd - 2			
P 1136ls			
P 1136m			
P 1136mb			
P 1136o			
P 1136r			
P 1136s	91-85952-00-1		
P 1137			
P 1137b			
P 1137ba	3-87760-606-7		
P 1137f	0-7141-1361-1		
P 1137fb	0-7141-1372-7		
P 1137h	91-40-03215-9		
P 1137m	0-7136-2223-7		
P 1137mb	3-8053-0868-X		
P 1137o	0-236-40024-X		
P 1137ob	0-7100-0432-X		
P 1137oc	0-7134-3476-7		
P 1137od	0-7134-5958-1		
P 1137s			
P 1138			
P 1139			
P 1139f			
P 1139s	87-418-1945-4		
P 1140			
P 1141			
P 1142			
P 1143			
P 1143h			
P 1143m			
P 1144			
P 1144m			
P 1144mb			
P 1145			
P 1146	3-430-15151-1		
P 1146m			
P 1146s			
P 1147	3-930811-00-6		
P 1148 - 1	3-8053-1006-4		
P 1148 - 2	3-8053-1139-7		
P 1148 - 3	3-8053-1288-1		
P 1148s			
P 1148w			
P 1149			
P 1150			
P 1151	83-85463-00-3		
P 1151b	83-85483-74-8		
P 1152			
P 1152b	3-7861-2185-0		
P 1152bs			
P 1152bsb	2-88028-030-3		
P 1152bv - 1			
P 1152bv - 2			
P 1152c			
P 1152ck	3-445-01315-2		
P 1152d			
P 1152db			
P 1152dc			
P 1152dp			
P 1152g			
P 1152h	3-7928-0347-X		
P 1152i	3-534-04549-1		
P 1152m			
P 1152mm - 1			
	978-80-210-8455-1		
	978-80-210-8417-9		
P 1152n	3-7743-0144-1		
P 1152p			
P 1152s	3-88609-153-8		
P 1152t			
P 1152v			
P 1152vb			
P 1153			
P 1153g	3-511-09098-9		
P 1153h			
P 1153i			
P 1153k			
P 1153s			
P 1153t	9963-560-71-7		
P 1154			
P 1154e - 1			
P 1154e - 2			
P 1154e - 4			
P 1154e - 5			
P 1154e -3			
P 1154ek	91-7192-572-4		
P 1154es			
P 1154g - 1			
P 1154g - 2			
P 1154h			
P 1154k			
P 1154kb			
P 1154kc			
P 1154p			
P 1154w - 1			
P 1154w - 10			
P 1154w - 11			
P 1154w - 12			
P 1154w - 13			
P 1154w - 13(Ers.Ex.)			
P 1154w - 14			
P 1154w - 15			
P 1154w - 16			
P 1154w - 17			
P 1154w - 18			
P 1154w - 19			
P 1154w - 2			
P 1154w - 20			
P 1154w - 21			
P 1154w - 22	3-87023-062-2		
P 1154w - 23			
P 1154w - 24			
P 1154w - 25			
P 1154w - 26			
P 1154w - 27	3-87023-164-5		
P 1154w - 28	3-87023-165-3		
P 1154w - 29			
P 1154w - 3			
P 1154w - 30,1			
P 1154w - 30,2			
P 1154w - 31	3-402-05037-4		
P 1154w - 32	3-402-06318-2		
P 1154w - 33	3-402-06319-0		
P 1154w - 34	978-3-402-06320-0		
P 1154w - 35	978-3-402-06321-7		
P 1154w - 36	3-402-06322-0		
	978-3-402-14830-3		
	978-3-402-14832-7		
	978-3-402-14833-4		
P 1154w - 4			
	978-3-402-14834-1		
	978-3-402-14835-8		
P 1154w - 5			
P 1154w - 6			
P 1154w - 7			
P 1154w - 8			
P 1154w - 9			
P 1154y			
P 1155			
P 1155s			
P 1156			
P 1156c			
P 1156f			
P 1156fb			
P 1156fc			
P 1156h	3-421-01623-2		
P 1156k - 1			
P 1156k - 2			
P 1156m - 1			
P 1156mb			
P 1156mc - 1			
P 1156mo - 1			
P 1156mo - 2			
P 1156n			
P 1156nm			
P 1156ns	3-511-09099-7		
P 1156ob			
P 1156p			
P 1156r			
P 1157			
P 1158			
P 1158b			
P 1158g			
P 1158m			
P 1158n	3-7991-5676-3		
P 1158nb			
P 1158os	3-8062-0211-7		
P 1158p			
P 1158r			
P 1158sk	0-903681-07-2		
P 1158sw			
P 1158sz			
P 1158tw - 1	90-70197-11-1		
P 1158tw - 2	90-70179-41-5		
P 1158tw - 3	90-70179-41-5		
P 1158v			
P 1158z			
P 1158zd	0-06-480457-7		
P 1159			
P 1159d	3-406-09204-7		
P 1159f	3-900575-00-2		
P 1159g	0-85263-424-2		
P 1160			
P 1161	3-7995-3310-9		
P 1162	3-7765-2095-7		
P 1163			
P 1163b			
P 1163k			
P 1164	3-7757-0502-3		
P 1165	3-922541-27-5		
P 1166			
P 1166a			
P 1167			
P 1167a			
P 1167ab			
P 1167b			
P 1167c			
P 1168 - 1			
P 1168 - 2			
P 1168h			
P 1169			
P 1170			
P 1170b			
P 1170bb			
P 1170e			
P 1170h			
P 1170hb - 1			
P 1170hb - 2			
P 1170hb - 3			
P 1170hc			
P 1170p	3-89053-032-X		
P 1171			
P 1171k	0-7099-0387-1		
P 1171s - 1			
P 1171s - 2			
P 1171t			
P 1172			
P 1172ab	3-7749-1756-6		
P 1173			
P 1173b			
P 1174	3-87088-740-0		
P 1175			
P 1175d			
P 1175s	0-86159-006-6		
P 1175sb	0-946346-01-1		
P 1175sc	0-7141-1371-9		
P 1175w	0-904857-02-6		
P 1176 - 1			
P 1176 - 2			
P 1176k			
P 1177			
P 1178			
P 1178c			
P 1178m	3-7749-1816-3		
P 1179 - 1			
P 1179 - 2			
P 1179 - 3			
P 1179d			
P 1179g			
P 1179h	3-7749-2318-3		
P 1179m			
P 1179mb			
P 1179r	0-7141-0528-7		
P 1179rb	3-7701-1374-8		
P 1179u - 1			
P 1179u - 2			
P 1179x			
P 1180			
P 1180b			
P 1180bk	91-7402-020-X		
P 1180cq			
P 1180d			
P 1180m	3-7927-0789-6		
P 1181			
P 1182			
P 1182w	3-7749-1120-7		
P 1182x			
P 1183			
P 1183d			
P 1183m	3-515-01878-6		
P 1184			
P 1184k	0-226-43957-7		
P 1185			
P 1186	3-7757-0547-3		
P 1187			
P 1187k			
P 1188	3-85326-949-4		
P 1188b			
P 1188e	3-430-15483-9		
P 1188g			
P 1188z			
P 1188zd			
P 1189	3-88226-758-5		
P 1189de - 1	87-01-81001-4		
P 1189de - 2	87-01-81011-1		
P 1189dg			
P 1189dh	0-500-79006-X		
P 1189dk			
P 1189e			
P 1189h			
P 1189k			
P 1189l	3-533-02180-7		
P 1189m			
P 1190			
P 1191	90-5345-033-5		
P 1192	90-5345-048-3		
P 1193	3-922661-89-0		
P 1194 - 1			
P 1194 - 2			
P 1195 - 1			
P 1195 - 2			
P 1195 - 3			
P 1196	90-228-3740-8		
P 1196k - 2			
P 1197	3-511-06935-1		
P 1198	3-928134-79-5		
P 1199	3-89590-003-6		
P 1200 - 1			
P 1201	3-7995-4139-X		
P 1202			
P 1203			
P 1204			
P 1205			
P 1206	90-801044-1-8		
P 1207	90-70482-68-1		
P 1208	80-210-0961-6		
P 1209	90-5345-049-1		
P 1210			
P 1211	3-924734-37-2		
P 1212			
P 1213	3-8233-4007-7		
P 1214			
P 1215			
P 1215k			
P 1216			
P 1217	3-406-38064-6		
P 1218			
P 1219	3-7011-7283-8		
P 1220	3-519-07428-1		
P 1221	2-9505595-3-0		
P 1222	3-486-64832-2		
P 1223	3-222-12272-5		
P 1224	3-7749-2674-3		
P 1225	3-7927-1097-8		
P 1226 - 2	3-05-002601-4		
P 1226 - 21	3-515-08604-8		
P 1226 - 31	978-3-515-08938-8		
P 1226 - 5	3-515-07114-8		
P 1226 - 8	3-515-07620-4		
P 1227 - 1			
P 1227 - 2			
P 1228	3-923607-6-4		
P 1229	3-87490-560-8		
P 1230			
P 1230t			
P 1230x			
P 1231			
P 1231b			
P 1231c			
P 1232			
P 1233			
P 1234	91-506-0661-1		
P 1234b			
P 1235			
P 1236			
P 1237			
P 1238	3-924734-31-3		
P 1238f	3-8204-5167-6		
P 1238h			
P 1238s	3-8053-0480-3		
P 1239	3-412-06471-8		
P 1240	3-8053-1685-2		
P 1241	3-402-06243-7		
P 1242	3-922027-88-1		
P 1243	3-910011-05-5		
P 1244	3-7995-3628-0		
P 1245			
P 1246			
P 1247 - 1			
P 1247 - 2	3-908025-46-X		
P 1248	3-7608-3649-6		
P 1249	3-7757-0557-0		
P 1250	3-926011-28-9		
P 1251			
P 1252			
P 1253	3-7923-0680-8		
P 1254	3-927789-78-X		
P 1255	388789-117-1		
P 1256			
P 1257			
P 1258			
P 1258c			
P 1258d	3-406-04801-3		
P 1258h - 1			
P 1258h - 2			
P 1258h - 3	3-525-35377-4		
P 1258h - 4	3-525-35436-3		
P 1258h - 5	3-525-35311-1		
P 1258h - 6	3-525-35309-X		
P 1258h - 7	978-3-525-36521-2		
P 1258kd	3-534-04685-4		
P 1258ke	3-534-04166-6		
			
P 1258ob	3-8062-0293-1		
P 1259 - 1	3-900401-39-2		
P 1259 - 2			
P 1259k			
P 1260			
P 1260b			
P 1260h - 1			
P 1260h - 2			
P 1260h - 3			
P 1260h - 4			
P 1261			
P 1261a			
P 1262			
P 1263			
P 1264			
P 1264d			
P 1265			
P 1265b	3-922616-00-3		
P 1265c			
P 1266			
P 1267			
P 1268			
P 1269			
P 1270			
P 1271			
P 1271d			
P 1272			
P 1272p	3-406-03172-2		
P 1273p - 1			
P 1273p - 2			
P 1273r			
P 1273s			
P 1273sa			
P 1273sb			
P 1273sc			
P 1273sd			
P 1273sda			
P 1273u	3-406-09041-9		
P 1273v - 1			
P 1273v - 2			
P 1273v - 3			
P 1274	82-90215-80-0		
P 1275	3-534-03870-3		
P 1275h			
P 1276 - 1			
P 1276 - 2			
P 1277			
P 1277g	963-7421-37-8		
P 1277m - 1			
P 1277m - 2			
P 1278 - 1			
P 1278 - 2			
P 1278b			
P 1278bb	3-406-06775-1		
P 1278c - 1			
P 1278c - 2			
P 1278x			
P 1278y			
P 1278z			
P 1279			
P 1279b			
P 1279r			
P 1282			
P 1283			
P 1283b			
P 1284	3-929055-36-8		
P 1285			
P 1285b			
P 1286 - 1			
P 1286 - 2			
P 1286a			
P 1286f			
P 1286h			
P 1286ha			
P 1286hab			
P 1286hc			
P 1286hd			
P 1286hs			
